version,case,iteration,elapsed,rss,private,pagefile,handles,threads
3.6.5,success,0,0,39997440,27340800,27340800,173,4
3.6.5,success,1,0.10900000000015098,46944256,163414016,163414016,173,4
3.6.5,success,25,2.25,47403008,163700736,163700736,173,4
3.6.5,success,50,4.4529999999999745,47398912,163635200,163635200,173,4
3.6.5,success,75,6.6720000000000255,47452160,164061184,164061184,173,4
3.6.5,success,100,8.922000000000025,47509504,164032512,164032512,173,4
3.6.5,success,125,11.141000000000076,47554560,163905536,163905536,173,4
3.6.5,success,150,13.359000000000151,47403008,163635200,163635200,173,4
3.6.5,success,175,15.547000000000025,48246784,164777984,164777984,173,4
3.6.5,success,200,17.766000000000076,48533504,164945920,164945920,173,4
3.6.5,success,225,19.96900000000005,48373760,164601856,164601856,173,4
3.6.5,success,250,22.172000000000025,48439296,164900864,164900864,173,4
3.6.5,success,275,24.375,48422912,164638720,164638720,173,4
3.6.5,success,300,26.577999999999975,49172480,165720064,165720064,173,4
3.6.5,success,325,28.812000000000126,48381952,164659200,164659200,173,4
3.6.5,success,350,31.0,49160192,165720064,165720064,173,4
3.6.5,success,375,33.202999999999975,48394240,164794368,164794368,173,4
3.6.5,success,400,35.437000000000126,48369664,164872192,164872192,173,4
3.6.5,success,425,37.766000000000076,49188864,165720064,165720064,173,4
3.6.5,success,450,40.016000000000076,49164288,165707776,165707776,173,4
3.6.5,success,475,42.297000000000025,48377856,164868096,164868096,173,4
3.6.5,success,500,44.577999999999975,48414720,164786176,164786176,173,4
3.6.5,success,525,46.875,49168384,165654528,165654528,173,4
3.6.5,success,550,49.172000000000025,48427008,164642816,164642816,173,4
3.6.5,success,575,51.452999999999975,48459776,164696064,164696064,173,4
3.6.5,success,600,53.687000000000126,49172480,165720064,165720064,173,4
3.6.5,success,625,55.906000000000176,48410624,164630528,164630528,173,4
3.6.5,success,650,58.10900000000015,48406528,164696064,164696064,173,4
3.6.5,success,675,60.327999999999975,48361472,164687872,164687872,173,1
3.6.5,success,700,62.547000000000025,49152000,165613568,165613568,173,1
3.6.5,success,725,64.75,48373760,164814848,164814848,173,1
3.6.5,success,750,67.25,48345088,164548608,164548608,173,1
3.6.5,success,775,69.5,49123328,165613568,165613568,173,1
3.6.5,success,800,71.70299999999997,48369664,164564992,164564992,173,1
3.6.5,success,825,73.92200000000003,48381952,164876288,164876288,173,1
3.6.5,success,850,76.14100000000008,49115136,165609472,165609472,173,1
3.6.5,success,875,78.35900000000015,48443392,164741120,164741120,173,1
3.6.5,success,900,80.57799999999997,49139712,165613568,165613568,173,1
3.6.5,success,925,82.78100000000018,48443392,165003264,165003264,173,1
3.6.5,success,950,84.98400000000015,48377856,164577280,164577280,173,1
3.6.5,success,975,87.17200000000003,49123328,165613568,165613568,173,1
3.6.5,success,1000,89.375,48377856,164798464,164798464,173,1
3.7.2,success,0,0,40640512,27705344,27705344,174,4
3.7.2,success,1,0.18799999999998818,47464448,163405824,163405824,174,4
3.7.2,success,25,4.171999999999969,48087040,163930112,163930112,174,4
3.7.2,success,50,8.296999999999969,48066560,163868672,163868672,174,4
3.7.2,success,75,12.406000000000006,48128000,163975168,163975168,174,4
3.7.2,success,100,16.531000000000006,48148480,163897344,163897344,174,4
3.7.2,success,125,20.656000000000006,48140288,163831808,163831808,174,4
3.7.2,success,150,24.75,48148480,163868672,163868672,174,4
3.7.2,success,175,28.843999999999994,48906240,164806656,164806656,174,4
3.7.2,success,200,32.93799999999999,49795072,165855232,165855232,174,4
3.7.2,success,225,37.26599999999996,49094656,164851712,164851712,174,4
3.7.2,success,250,41.906000000000006,49807360,165875712,165875712,174,4
3.7.2,success,275,46.093999999999994,48984064,164663296,164663296,174,4
3.7.2,success,300,50.25,49881088,165875712,165875712,174,4
3.7.2,success,325,54.343999999999994,49844224,165867520,165867520,174,4
3.7.2,success,350,58.468999999999994,49836032,165863424,165863424,174,4
3.7.2,success,375,62.531000000000006,49770496,165773312,165773312,174,1
3.7.2,success,400,66.67199999999997,49819648,165773312,165773312,174,1
3.7.2,success,425,70.75,49799168,165847040,165847040,174,1
3.7.2,success,450,74.844,49070080,164859904,164859904,174,1
3.7.2,success,475,78.93799999999999,49790976,165687296,165687296,174,1
3.7.2,success,500,83.031,48984064,164638720,164638720,174,1
3.7.2,success,525,87.125,49070080,165027840,165027840,174,1
3.7.2,success,550,91.20299999999997,49053696,164745216,164745216,175,3
3.7.2,success,575,95.29699999999997,49025024,164716544,164716544,175,3
3.7.2,success,600,99.39099999999996,49053696,164782080,164782080,175,3
3.7.2,success,625,103.469,49061888,164839424,164839424,175,3
3.7.2,success,650,107.56299999999999,48996352,164966400,164966400,175,3
3.7.2,success,675,111.67199999999997,47751168,164667392,164667392,175,3
3.7.2,success,700,115.76599999999996,47898624,165740544,165740544,175,3
3.7.2,success,725,119.844,47079424,164876288,164876288,175,3
3.7.2,success,750,123.92199999999997,47656960,165781504,165781504,175,3
3.7.2,success,775,128.01599999999996,47362048,165785600,165785600,175,3
3.7.2,success,800,132.10899999999998,46985216,165736448,165736448,175,3
3.7.2,success,825,136.20299999999997,46137344,165003264,165003264,175,3
3.7.2,success,850,140.281,45568000,164794368,164794368,175,3
3.7.2,success,875,144.35899999999998,46403584,165842944,165842944,175,3
3.7.2,success,900,148.45299999999997,45371392,164712448,164712448,175,3
3.7.2,success,925,152.51599999999996,44568576,164966400,164966400,175,3
3.7.2,success,950,156.60899999999998,44703744,165912576,165912576,175,3
3.7.2,success,975,160.656,43798528,164945920,164945920,175,3
3.7.2,success,1000,164.656,43675648,164675584,164675584,175,3
3.6.5,failure,0,0,40034304,27488256,27488256,173,4
3.6.5,failure,1,0.03199999999992542,46927872,163364864,163364864,173,4
3.6.5,failure,25,0.10999999999989996,47329280,163721216,163721216,173,4
3.6.5,failure,50,0.20299999999997453,47411200,163753984,163753984,173,4
3.6.5,failure,75,0.2819999999999254,47992832,164868096,164868096,173,4
3.6.5,failure,100,0.375,48029696,164868096,164868096,173,4
3.6.5,failure,125,0.45299999999997453,48013312,164868096,164868096,173,4
3.6.5,failure,150,0.5319999999999254,48062464,164868096,164868096,173,4
3.6.5,failure,175,0.625,48918528,165834752,165834752,173,4
3.6.5,failure,200,0.7029999999999745,48996352,165834752,165834752,173,4
3.6.5,failure,225,0.7819999999999254,49045504,165834752,165834752,173,4
3.6.5,failure,250,0.8599999999999,49078272,165834752,165834752,173,4
3.6.5,failure,275,0.9529999999999745,49119232,165834752,165834752,173,4
3.6.5,failure,300,1.0319999999999254,49061888,165834752,165834752,173,4
3.6.5,failure,325,1.1099999999999,48508928,164818944,164818944,173,4
3.6.5,failure,350,1.1879999999998745,49164288,165834752,165834752,173,4
3.6.5,failure,375,1.2819999999999254,49217536,165834752,165834752,173,4
3.6.5,failure,400,1.3599999999999,49266688,165834752,165834752,173,4
3.6.5,failure,425,1.4379999999998745,49188864,165834752,165834752,173,4
3.6.5,failure,450,1.5319999999999254,48562176,164925440,164925440,173,4
3.6.5,failure,475,1.6099999999999,49127424,165666816,165666816,173,4
3.6.5,failure,500,1.6879999999998745,48517120,164835328,164835328,173,4
3.6.5,failure,525,1.765999999999849,49106944,165834752,165834752,173,4
3.6.5,failure,550,1.8599999999999,49184768,165834752,165834752,173,4
3.6.5,failure,575,1.9379999999998745,49135616,165834752,165834752,173,4
3.6.5,failure,600,2.015999999999849,49213440,165834752,165834752,173,4
3.6.5,failure,625,2.0939999999998236,49315840,165834752,165834752,173,4
3.6.5,failure,650,2.1879999999998745,49184768,165834752,165834752,173,4
3.6.5,failure,675,2.265999999999849,49307648,165834752,165834752,173,4
3.6.5,failure,700,2.3439999999998236,49143808,165834752,165834752,173,4
3.6.5,failure,725,2.4379999999998745,49262592,165834752,165834752,173,4
3.6.5,failure,750,2.515999999999849,48521216,164818944,164818944,173,4
3.6.5,failure,775,2.5939999999998236,49238016,165834752,165834752,173,4
3.6.5,failure,800,2.6720000000000255,49393664,165834752,165834752,173,4
3.6.5,failure,825,2.75,49192960,165834752,165834752,173,4
3.6.5,failure,850,2.8279999999999745,49188864,165834752,165834752,173,4
3.6.5,failure,875,2.9220000000000255,49270784,165834752,165834752,173,4
3.6.5,failure,900,3.0,48549888,164806656,164806656,173,4
3.6.5,failure,925,3.0779999999999745,49152000,165834752,165834752,173,4
3.6.5,failure,950,3.1569999999999254,49143808,165834752,165834752,173,4
3.6.5,failure,975,3.2349999999999,48611328,164937728,164937728,173,4
3.6.5,failure,1000,3.3129999999998745,49364992,165834752,165834752,173,4
3.7.2,failure,0,0,40464384,27459584,27459584,174,4
3.7.2,failure,1,0.014999999999986358,47226880,162906112,162906112,174,4
3.7.2,failure,25,0.1560000000000059,47656960,163311616,163311616,174,4
3.7.2,failure,50,0.3120000000000118,47800320,163545088,163545088,174,4
3.7.2,failure,75,0.45299999999997453,47816704,163540992,163540992,174,4
3.7.2,failure,100,0.5939999999999941,48472064,164442112,164442112,174,4
3.7.2,failure,125,0.7339999999999804,48570368,164442112,164442112,174,4
3.7.2,failure,150,0.8589999999999804,48513024,164442112,164442112,174,4
3.7.2,failure,175,1.0,49426432,165408768,165408768,174,4
3.7.2,failure,200,1.1399999999999864,49549312,165408768,165408768,174,4
3.7.2,failure,225,1.281000000000006,49737728,166969344,166969344,174,4
3.7.2,failure,250,1.406000000000006,49852416,167108608,167108608,174,4
3.7.2,failure,275,1.5469999999999686,49717248,167108608,167108608,174,4
3.7.2,failure,300,1.6870000000000118,49004544,164716544,164716544,174,4
3.7.2,failure,325,1.8279999999999745,49651712,167108608,167108608,174,4
3.7.2,failure,350,1.968999999999994,49704960,167108608,167108608,174,4
3.7.2,failure,375,2.1089999999999804,49717248,167108608,167108608,174,4
3.7.2,failure,400,2.2339999999999804,49717248,167108608,167108608,174,4
3.7.2,failure,425,2.375,49729536,167108608,167108608,174,4
3.7.2,failure,450,2.5,49725440,167108608,167108608,174,4
3.7.2,failure,475,2.6399999999999864,49737728,167108608,167108608,174,4
3.7.2,failure,500,2.781000000000006,49709056,167108608,167108608,174,4
3.7.2,failure,525,2.906000000000006,48967680,164552704,164552704,174,4
3.7.2,failure,550,3.0469999999999686,49696768,167108608,167108608,174,4
3.7.2,failure,575,3.187000000000012,48992256,164655104,164655104,174,4
3.7.2,failure,600,3.312000000000012,49008640,164687872,164687872,174,4
3.7.2,failure,625,3.4529999999999745,49000448,164646912,164646912,174,4
3.7.2,failure,650,3.5779999999999745,49004544,164806656,164806656,174,4
3.7.2,failure,675,3.718999999999994,49750016,167108608,167108608,174,4
3.7.2,failure,700,3.8589999999999804,49733632,167108608,167108608,174,4
3.7.2,failure,725,3.9839999999999804,49758208,167108608,167108608,174,4
3.7.2,failure,750,4.125,49725440,167108608,167108608,174,4
3.7.2,failure,775,4.264999999999986,49717248,167108608,167108608,174,4
3.7.2,failure,800,4.406000000000006,49741824,167108608,167108608,174,4
3.7.2,failure,825,4.546999999999969,49750016,167108608,167108608,174,4
3.7.2,failure,850,4.671999999999969,49733632,167108608,167108608,174,4
3.7.2,failure,875,4.812000000000012,49750016,167108608,167108608,174,4
3.7.2,failure,900,4.937000000000012,49680384,167108608,167108608,174,4
3.7.2,failure,925,5.0779999999999745,49717248,167108608,167108608,174,4
3.7.2,failure,950,5.218999999999994,49733632,167108608,167108608,174,4
3.7.2,failure,975,5.3589999999999804,49737728,167108608,167108608,174,4
3.7.2,failure,1000,5.4839999999999804,49754112,167108608,167108608,174,4
3.6.5,native-factor1,0,0,39038976,26075136,26075136,176,4
3.6.5,native-factor1,1,0.26500000000010004,46784512,162594816,162594816,176,4
3.6.5,native-factor1,25,2.219000000000051,46850048,162594816,162594816,176,4
3.6.5,native-factor1,50,4.2970000000000255,46927872,162594816,162594816,176,4
3.6.5,native-factor1,75,6.375,46936064,162594816,162594816,176,4
3.6.5,native-factor1,100,8.469000000000051,46936064,162594816,162594816,176,4
3.6.5,native-factor1,125,10.547000000000025,46936064,162594816,162594816,176,4
3.6.5,native-factor1,150,12.655999999999949,46936064,162594816,162594816,176,4
3.6.5,native-factor1,175,14.719000000000051,46936064,162594816,162594816,176,4
3.6.5,native-factor1,200,16.797000000000025,46936064,162594816,162594816,176,4
3.6.5,native-factor1,225,18.8900000000001,46936064,162594816,162594816,176,4
3.6.5,native-factor1,250,20.98400000000015,47898624,163561472,163561472,176,4
3.6.5,native-factor1,275,23.062000000000126,47898624,163561472,163561472,176,4
3.6.5,native-factor1,300,25.172000000000025,47898624,163561472,163561472,176,4
3.6.5,native-factor1,325,27.297000000000025,47898624,163561472,163561472,176,4
3.6.5,native-factor1,350,29.3900000000001,47898624,163561472,163561472,176,4
3.6.5,native-factor1,375,31.46900000000005,47898624,163561472,163561472,176,4
3.6.5,native-factor1,400,33.577999999999975,47898624,163561472,163561472,176,4
3.6.5,native-factor1,425,35.65599999999995,47898624,163561472,163561472,176,4
3.6.5,native-factor1,450,37.71900000000005,47898624,163561472,163561472,176,4
3.6.5,native-factor1,475,39.98400000000015,48594944,164077568,164077568,176,4
3.6.5,native-factor1,500,42.0,48590848,164073472,164073472,176,4
3.6.5,native-factor1,525,44.0,48590848,164073472,164073472,176,4
3.6.5,native-factor1,550,46.047000000000025,48590848,164073472,164073472,176,4
3.6.5,native-factor1,575,48.03099999999995,48590848,164073472,164073472,176,4
3.6.5,native-factor1,600,50.0150000000001,48590848,164073472,164073472,176,4
3.6.5,native-factor1,625,52.0,48590848,164073472,164073472,176,4
3.6.5,native-factor1,650,54.03099999999995,48562176,164069376,164069376,176,4
3.6.5,native-factor1,675,56.047000000000025,48562176,164069376,164069376,176,4
3.6.5,native-factor1,700,58.062000000000126,48562176,164065280,164065280,176,4
3.6.5,native-factor1,725,60.077999999999975,48562176,164065280,164065280,176,4
3.6.5,native-factor1,750,62.09400000000005,48562176,164065280,164065280,176,4
3.6.5,native-factor1,775,64.09400000000005,48558080,164061184,164061184,176,4
3.6.5,native-factor1,800,66.10900000000015,48558080,164061184,164061184,176,4
3.6.5,native-factor1,825,68.10900000000015,48558080,164061184,164061184,176,4
3.6.5,native-factor1,850,70.09400000000005,48558080,164061184,164061184,176,4
3.6.5,native-factor1,875,72.04700000000003,48558080,164061184,164061184,176,4
3.6.5,native-factor1,900,74.0150000000001,48558080,164061184,164061184,176,4
3.6.5,native-factor1,925,76.0150000000001,48558080,164061184,164061184,176,4
3.6.5,native-factor1,950,78.0,48558080,164061184,164061184,176,4
3.6.5,native-factor1,975,80.0150000000001,48558080,164061184,164061184,176,4
3.6.5,native-factor1,1000,82.06200000000013,48558080,164061184,164061184,176,4
3.7.2,native-factor1,0,0,39530496,26189824,26189824,177,4
3.7.2,native-factor1,1,0.36000000000001364,47034368,162361344,162361344,177,4
3.7.2,native-factor1,25,3.625,47140864,162361344,162361344,177,4
3.7.2,native-factor1,50,7.0470000000000255,47140864,162361344,162361344,177,4
3.7.2,native-factor1,75,10.453000000000031,47149056,162361344,162361344,177,4
3.7.2,native-factor1,100,13.89100000000002,47149056,162361344,162361344,177,4
3.7.2,native-factor1,125,17.297000000000025,47149056,162361344,162361344,177,4
3.7.2,native-factor1,150,20.735000000000014,47214592,162361344,162361344,177,4
3.7.2,native-factor1,175,24.156000000000063,47214592,162361344,162361344,177,4
3.7.2,native-factor1,200,27.562999999999988,47214592,162361344,162361344,177,4
3.7.2,native-factor1,225,31.015999999999963,48177152,163328000,163328000,177,4
3.7.2,native-factor1,250,34.452999999999975,48177152,163328000,163328000,177,4
3.7.2,native-factor1,275,37.860000000000014,48177152,163328000,163328000,177,4
3.7.2,native-factor1,300,41.297000000000025,48177152,163328000,163328000,177,4
3.7.2,native-factor1,325,44.702999999999975,48177152,163328000,163328000,177,4
3.7.2,native-factor1,350,48.15600000000006,48177152,163328000,163328000,177,4
3.7.2,native-factor1,375,51.577999999999975,48177152,163328000,163328000,177,4
3.7.2,native-factor1,400,55.01599999999996,48119808,163328000,163328000,177,4
3.7.2,native-factor1,425,58.43799999999999,48119808,163328000,163328000,177,4
3.7.2,native-factor1,450,61.875,48119808,163328000,163328000,177,4
3.7.2,native-factor1,475,65.31299999999999,48119808,163328000,163328000,177,4
3.7.2,native-factor1,500,68.70299999999997,48119808,163328000,163328000,177,4
3.7.2,native-factor1,525,72.14099999999996,48119808,163328000,163328000,177,4
3.7.2,native-factor1,550,75.54700000000003,48119808,163328000,163328000,177,4
3.7.2,native-factor1,575,78.95299999999997,48119808,163328000,163328000,177,4
3.7.2,native-factor1,600,82.375,48119808,163328000,163328000,177,4
3.7.2,native-factor1,625,85.78100000000006,48119808,163328000,163328000,177,4
3.7.2,native-factor1,650,89.18799999999999,48119808,163328000,163328000,177,4
3.7.2,native-factor1,675,92.56299999999999,50405376,165642240,165642240,178,6
3.7.2,native-factor1,700,95.89099999999996,50405376,165642240,165642240,178,6
3.7.2,native-factor1,725,99.25,50405376,165642240,165642240,178,6
3.7.2,native-factor1,750,102.61000000000001,50163712,165642240,165642240,178,6
3.7.2,native-factor1,775,105.96900000000005,49238016,165642240,165642240,178,6
3.7.2,native-factor1,800,109.29700000000003,49115136,165642240,165642240,178,6
3.7.2,native-factor1,825,112.65600000000006,48603136,165642240,165642240,178,6
3.7.2,native-factor1,850,116.03100000000006,48574464,165642240,165642240,178,6
3.7.2,native-factor1,875,119.42200000000003,48496640,165642240,165642240,178,6
3.7.2,native-factor1,900,122.78100000000006,48050176,165642240,165642240,178,6
3.7.2,native-factor1,925,126.15600000000006,48029696,165642240,165642240,178,6
3.7.2,native-factor1,950,129.53100000000006,47575040,165642240,165642240,178,6
3.7.2,native-factor1,975,132.938,47083520,165642240,165642240,178,6
3.7.2,native-factor1,1000,136.28100000000006,46825472,165642240,165642240,178,6
3.6.5,native-factor3,0,0,39043072,26095616,26095616,176,4
3.6.5,native-factor3,1,0.29700000000002547,47800320,163438592,163438592,176,4
3.6.5,native-factor3,25,3.2970000000000255,47579136,163160064,163160064,176,4
3.6.5,native-factor3,50,6.405999999999949,47591424,163160064,163160064,176,4
3.6.5,native-factor3,75,9.562000000000126,47669248,163160064,163160064,176,4
3.6.5,native-factor3,100,12.734000000000151,47669248,163160064,163160064,176,4
3.6.5,native-factor3,125,15.905999999999949,47669248,163160064,163160064,176,4
3.6.5,native-factor3,150,19.062000000000126,47669248,163160064,163160064,176,4
3.6.5,native-factor3,175,22.202999999999975,48631808,164122624,164122624,176,4
3.6.5,native-factor3,200,25.34400000000005,48631808,164122624,164122624,176,4
3.6.5,native-factor3,225,28.48400000000015,48631808,164122624,164122624,176,4
3.6.5,native-factor3,250,31.60900000000015,48631808,164122624,164122624,176,4
3.6.5,native-factor3,275,34.75,48631808,164122624,164122624,176,4
3.6.5,native-factor3,300,37.875,48631808,164122624,164122624,176,4
3.6.5,native-factor3,325,41.0150000000001,48631808,164122624,164122624,176,4
3.6.5,native-factor3,350,44.172000000000025,48631808,164122624,164122624,176,4
3.6.5,native-factor3,375,47.34400000000005,48631808,164122624,164122624,176,4
3.6.5,native-factor3,400,50.547000000000025,48631808,164122624,164122624,176,4
3.6.5,native-factor3,425,53.702999999999975,48603136,164122624,164122624,176,4
3.6.5,native-factor3,450,56.85900000000015,48603136,164122624,164122624,176,4
3.6.5,native-factor3,475,59.98400000000015,48603136,164122624,164122624,176,4
3.6.5,native-factor3,500,63.10900000000015,48603136,164122624,164122624,176,4
3.6.5,native-factor3,525,66.29700000000003,48603136,164122624,164122624,176,4
3.6.5,native-factor3,550,69.46900000000005,48603136,164122624,164122624,176,4
3.6.5,native-factor3,575,72.6400000000001,48603136,164122624,164122624,176,4
3.6.5,native-factor3,600,75.82799999999997,48603136,164122624,164122624,176,4
3.6.5,native-factor3,625,78.96900000000005,48603136,164122624,164122624,176,4
3.6.5,native-factor3,650,82.1400000000001,48603136,164122624,164122624,176,4
3.6.5,native-factor3,675,85.2650000000001,48603136,164122624,164122624,176,4
3.6.5,native-factor3,700,88.35900000000015,48603136,164122624,164122624,176,4
3.6.5,native-factor3,725,91.23400000000015,48644096,164188160,164188160,177,6
3.6.5,native-factor3,750,93.82799999999997,48644096,164188160,164188160,177,6
3.6.5,native-factor3,775,96.42200000000003,48644096,164188160,164188160,177,6
3.6.5,native-factor3,800,99.04700000000003,48640000,164184064,164184064,177,6
3.6.5,native-factor3,825,101.65599999999995,48640000,164184064,164184064,177,6
3.6.5,native-factor3,850,104.25,48586752,164184064,164184064,177,6
3.6.5,native-factor3,875,106.85900000000015,48295936,164184064,164184064,177,6
3.6.5,native-factor3,900,109.46900000000005,47448064,164184064,164184064,177,6
3.6.5,native-factor3,925,112.06200000000013,47218688,164184064,164184064,177,6
3.6.5,native-factor3,950,114.6400000000001,46895104,164184064,164184064,177,6
3.6.5,native-factor3,975,117.23400000000015,46874624,164184064,164184064,177,6
3.6.5,native-factor3,1000,119.82799999999997,46833664,164184064,164184064,177,6
3.7.2,native-factor3,0,0,39518208,26222592,26222592,177,4
3.7.2,native-factor3,1,0.40599999999994907,47951872,163106816,163106816,177,4
3.7.2,native-factor3,25,3.9529999999999745,48025600,163106816,163106816,177,4
3.7.2,native-factor3,50,7.718999999999937,48029696,163102720,163102720,177,4
3.7.2,native-factor3,75,11.437000000000012,48214016,163270656,163270656,177,4
3.7.2,native-factor3,100,15.093999999999937,48214016,163258368,163258368,177,4
3.7.2,native-factor3,125,18.812000000000012,48214016,163258368,163258368,177,4
3.7.2,native-factor3,150,22.53099999999995,48226304,163258368,163258368,177,4
3.7.2,native-factor3,175,26.25,49188864,164225024,164225024,177,4
3.7.2,native-factor3,200,29.983999999999924,49254400,164225024,164225024,177,4
3.7.2,native-factor3,225,33.68700000000001,49254400,164225024,164225024,177,4
3.7.2,native-factor3,250,37.39099999999996,49254400,164225024,164225024,177,4
3.7.2,native-factor3,275,41.108999999999924,49254400,164225024,164225024,177,4
3.7.2,native-factor3,300,44.827999999999975,49254400,164225024,164225024,177,4
3.7.2,native-factor3,325,48.577999999999975,49254400,164225024,164225024,177,4
3.7.2,native-factor3,350,52.28099999999995,49254400,164225024,164225024,177,4
3.7.2,native-factor3,375,55.93700000000001,49197056,164220928,164220928,177,4
3.7.2,native-factor3,400,59.59399999999994,49197056,164220928,164220928,177,4
3.7.2,native-factor3,425,63.26599999999996,49192960,164216832,164216832,177,4
3.7.2,native-factor3,450,66.98399999999992,49192960,164216832,164216832,177,4
3.7.2,native-factor3,475,70.67199999999991,49192960,164216832,164216832,177,4
3.7.2,native-factor3,500,74.35899999999992,49192960,164216832,164216832,177,4
3.7.2,native-factor3,525,78.03099999999995,49192960,164216832,164216832,177,4
3.7.2,native-factor3,550,81.70299999999997,49192960,164216832,164216832,177,4
3.7.2,native-factor3,575,85.40599999999995,49192960,164216832,164216832,177,4
3.7.2,native-factor3,600,89.125,49192960,164216832,164216832,177,4
3.7.2,native-factor3,625,92.70299999999997,49229824,164278272,164278272,178,6
3.7.2,native-factor3,650,96.18700000000001,49229824,164278272,164278272,178,6
3.7.2,native-factor3,675,99.65599999999995,49225728,164274176,164274176,178,6
3.7.2,native-factor3,700,103.10899999999992,49225728,164274176,164274176,178,6
3.7.2,native-factor3,725,106.57799999999997,48676864,164274176,164274176,178,6
3.7.2,native-factor3,750,110.03099999999995,47992832,164274176,164274176,178,6
3.7.2,native-factor3,775,113.48399999999992,47509504,164270080,164270080,178,6
3.7.2,native-factor3,800,116.92199999999991,47489024,164270080,164270080,178,6
3.7.2,native-factor3,825,120.39099999999996,47435776,164270080,164270080,178,6
3.7.2,native-factor3,850,123.82799999999997,47206400,164270080,164270080,178,6
3.7.2,native-factor3,875,127.26599999999996,46903296,164270080,164270080,178,6
3.7.2,native-factor3,900,130.75,46862336,164270080,164270080,178,6
3.7.2,native-factor3,925,134.187,46227456,164270080,164270080,178,6
3.7.2,native-factor3,950,137.60899999999992,45670400,164270080,164270080,178,6
3.7.2,native-factor3,975,141.10899999999992,45654016,164270080,164270080,178,6
3.7.2,native-factor3,1000,144.5469999999999,45621248,164270080,164270080,178,6
